<?xml version = '1.0' encoding = 'UTF-8'?>
<Diagram class="oracle.dbtools.crest.swingui.relational.DPVRelational" name="Relational_1" id="9D2E490F-35A2-A534-FED6-5F2391C18FF0">
<createdBy>denys.silva</createdBy>
<modifiedBy>denys.silva</modifiedBy>
<createdTime>2025-04-03 21:54:39 UTC</createdTime>
<autoRoute>false</autoRoute>
<boxInbox>true</boxInbox>
<showLegend>false</showLegend>
<showLabels>false</showLabels>
<showRelAttributes>false</showRelAttributes>
<gridEnabled>false</gridEnabled>
<showGrid>false</showGrid>
<diagramColor>-1</diagramColor>
<display>false</display>
<notation>1</notation>
<objectViews>
<OView class="oracle.dbtools.crest.swingui.relational.TVTable" oid="A3C7714D-B805-D8E1-60CF-41C6ABD4BB78" otype="Table" vid="CB72C0C1-49D0-2907-514C-834B806E981F">
<hideElementsInCurrentOnly>false</hideElementsInCurrentOnly>
<bounds x="31" y="44" width="153" height="96"/>
</OView>
<OView class="oracle.dbtools.crest.swingui.relational.TVTable" oid="B4C1D768-F21F-C270-F6D1-1C2AAC5EB45D" otype="Table" vid="FADDF6CB-2635-AA62-E33D-0F34C7DBCA0B">
<hideElementsInCurrentOnly>false</hideElementsInCurrentOnly>
<bounds x="240" y="30" width="225" height="142"/>
</OView>
</objectViews>
<connectors>
<Connector class="oracle.dbtools.crest.swingui.relational.TVFKRelation" oid="10988ECD-D383-B40A-8240-CAFF8598B7F1" otype="FKIndexAssociation" vid_source="CB72C0C1-49D0-2907-514C-834B806E981F" vid_target="FADDF6CB-2635-AA62-E33D-0F34C7DBCA0B">
<hideElementsInCurrentOnly>false</hideElementsInCurrentOnly>
<backgroundColor>-16777216</backgroundColor>
<lineWidth>1</lineWidth>
<points>
<point x="184" y="107"/>
<point x="293" y="107"/>
</points>
</Connector>
</connectors>
<displays>
<Display class="oracle.dbtools.crest.swingui.relational.DPVRelational" name="Display_1" id="C65902A1-5C08-DDE2-1EB3-A728A2C0CAFC">
<createdBy>denys.silva</createdBy>
<modifiedBy>denys.silva</modifiedBy>
<createdTime>2025-04-04 00:12:18 UTC</createdTime>
<autoRoute>false</autoRoute>
<boxInbox>true</boxInbox>
<showLegend>false</showLegend>
<showLabels>false</showLabels>
<showRelAttributes>false</showRelAttributes>
<gridEnabled>false</gridEnabled>
<showGrid>false</showGrid>
<diagramColor>-1</diagramColor>
<display>true</display>
<notation>1</notation>
<objectViews>
<OView class="oracle.dbtools.crest.swingui.relational.TVTable" oid="A3C7714D-B805-D8E1-60CF-41C6ABD4BB78" otype="Table" vid="A56C967C-F449-3757-0DE1-8C45788EFF50">
<hideElementsInCurrentOnly>false</hideElementsInCurrentOnly>
<bounds x="60" y="70" width="170" height="110"/>
</OView>
<OView class="oracle.dbtools.crest.swingui.relational.TVTable" oid="B4C1D768-F21F-C270-F6D1-1C2AAC5EB45D" otype="Table" vid="CC75C8DA-7246-F587-C92F-5319A94EDF08">
<hideElementsInCurrentOnly>false</hideElementsInCurrentOnly>
<bounds x="50" y="50" width="170" height="110"/>
</OView>
</objectViews>
<connectors>
<Connector class="oracle.dbtools.crest.swingui.relational.TVFKRelation" oid="10988ECD-D383-B40A-8240-CAFF8598B7F1" otype="FKIndexAssociation" vid_source="A56C967C-F449-3757-0DE1-8C45788EFF50" vid_target="CC75C8DA-7246-F587-C92F-5319A94EDF08">
<hideElementsInCurrentOnly>false</hideElementsInCurrentOnly>
<backgroundColor>-16777216</backgroundColor>
<lineWidth>1</lineWidth>
<points>
<point x="60" y="115"/>
<point x="220" y="115"/>
</points>
</Connector>
</connectors>
</Display>
</displays>
</Diagram>