<?xml version = '1.0' encoding = 'UTF-8'?>
<FKIndexAssociation class="oracle.dbtools.crest.model.design.relational.FKIndexAssociation" directorySegmentName="seg_0" id="0B89A131-842B-DA64-1EEB-09205F423B1D" containerWithKeyObject="CB04B4E5-012B-7A17-8B81-32913985BE78" localFKIndex="65D5068E-1DD5-2631-E121-7A8B9DC457C7" name="EmailCliente_Clientes_FK">
<createdBy>denys.silva</createdBy>
<createdTime>2025-05-08 23:19:13 UTC</createdTime>
<generatorID>4CCD24A3-50F7-0AB2-EC37-AE57A2E6FB1F</generatorID>
<ownerDesignName>ClienteNormalizacao</ownerDesignName>
<referredTableLongName>Clientes</referredTableLongName>
<deleteRule>NO ACTION</deleteRule>
<referredTableID>80D5CA7D-7DFA-C1BD-235D-C2A2D85B06AE</referredTableID>
<keyObject>035C9905-B863-929B-1F73-1B74BBC70393</keyObject>
<referredKeyID>035C9905-B863-929B-1F73-1B74BBC70393</referredKeyID>
<mandatory>true</mandatory>
<transferable>true</transferable>
<rely>false</rely>
<columnDependencyConstraintGenerateInDDL>true</columnDependencyConstraintGenerateInDDL>
</FKIndexAssociation>