<?xml version = '1.0' encoding = 'UTF-8'?>
<FKIndexAssociation class="oracle.dbtools.crest.model.design.relational.FKIndexAssociation" directorySegmentName="seg_0" id="7C9200FB-97F5-37FF-93C9-BCF1C1F9D503" containerWithKeyObject="FE01882A-D546-3C0B-AA22-72D98035ACE0" localFKIndex="601381F5-C345-6D71-18B5-868DFC007E1D" name="TelefonesCliente_Clientes_FK">
<createdBy>denys.silva</createdBy>
<createdTime>2025-05-08 23:19:13 UTC</createdTime>
<generatorID>C7D9B0AD-3FD2-506A-3D82-A9D56AC6A6FF</generatorID>
<ownerDesignName>ClienteNormalizacao</ownerDesignName>
<referredTableLongName>Clientes</referredTableLongName>
<deleteRule>NO ACTION</deleteRule>
<referredTableID>80D5CA7D-7DFA-C1BD-235D-C2A2D85B06AE</referredTableID>
<keyObject>035C9905-B863-929B-1F73-1B74BBC70393</keyObject>
<referredKeyID>035C9905-B863-929B-1F73-1B74BBC70393</referredKeyID>
<mandatory>true</mandatory>
<transferable>true</transferable>
<rely>false</rely>
<columnDependencyConstraintGenerateInDDL>true</columnDependencyConstraintGenerateInDDL>
</FKIndexAssociation>