<?xml version = '1.0' encoding = 'UTF-8'?>
<FKIndexAssociation class="oracle.dbtools.crest.model.design.relational.FKIndexAssociation" directorySegmentName="seg_0" id="AF2310CE-1E2E-6878-60D5-38F082963DA5" containerWithKeyObject="63B295BB-7DF3-D7F0-EA37-9F7A8ECCA77A" localFKIndex="16CF4FE9-E914-DF73-02BA-DBE4EE43C3F6" name="Pedidos_Clientes_FK">
<createdBy>denys.silva</createdBy>
<createdTime>2025-05-08 23:19:13 UTC</createdTime>
<generatorID>3DC619EB-838A-A741-4426-FBB0B76E5528</generatorID>
<ownerDesignName>ClienteNormalizacao</ownerDesignName>
<referredTableLongName>Clientes</referredTableLongName>
<deleteRule>NO ACTION</deleteRule>
<referredTableID>80D5CA7D-7DFA-C1BD-235D-C2A2D85B06AE</referredTableID>
<keyObject>035C9905-B863-929B-1F73-1B74BBC70393</keyObject>
<referredKeyID>035C9905-B863-929B-1F73-1B74BBC70393</referredKeyID>
<mandatory>true</mandatory>
<transferable>true</transferable>
<rely>false</rely>
<columnDependencyConstraintGenerateInDDL>true</columnDependencyConstraintGenerateInDDL>
</FKIndexAssociation>