<?xml version = '1.0' encoding = 'UTF-8'?>
<Table class="oracle.dbtools.crest.model.design.relational.Table" directorySegmentName="seg_0" id="CB04B4E5-012B-7A17-8B81-32913985BE78" name="EmailCliente">
<createdBy>denys.silva</createdBy>
<createdTime>2025-05-08 23:19:13 UTC</createdTime>
<generatorID>A358D7C2-A869-EA7C-B20E-D5322DC87DDE</generatorID>
<ownerDesignName>ClienteNormalizacao</ownerDesignName>
<allowColumnReorder>false</allowColumnReorder>
<existDependencyGenerateInDDl>true</existDependencyGenerateInDDl>
<parsed>true</parsed>
<columns itemClass="oracle.dbtools.crest.model.design.relational.Column">
<Column name="cpfCliente" id="950526DB-777E-3209-31D7-91A79793CA22">
<createdBy>denys.silva</createdBy>
<createdTime>2025-05-08 23:19:13 UTC</createdTime>
<generatorID>DDA60FC5-DDBE-801E-432A-3FA97C4C799A</generatorID>
<ownerDesignName>ClienteNormalizacao</ownerDesignName>
<useDomainConstraints>false</useDomainConstraints>
<use>1</use>
<logicalDatatype>LOGDT025</logicalDatatype>
<dataTypeSize>11</dataTypeSize>
<ownDataTypeParameters>11,,</ownDataTypeParameters>
<autoIncrementCycle>false</autoIncrementCycle>
</Column>
<Column name="emailCliente" id="A1DA70A6-C9C3-7D8D-4FAC-D7E105FF0873">
<createdBy>denys.silva</createdBy>
<createdTime>2025-05-08 23:19:13 UTC</createdTime>
<generatorID>EDD60DE7-E8D6-C280-69F5-304FD6F25749</generatorID>
<ownerDesignName>ClienteNormalizacao</ownerDesignName>
<useDomainConstraints>false</useDomainConstraints>
<use>1</use>
<logicalDatatype>LOGDT024</logicalDatatype>
<dataTypeSize>200</dataTypeSize>
<ownDataTypeParameters>200,,</ownDataTypeParameters>
<autoIncrementCycle>false</autoIncrementCycle>
</Column>
<Column name="cpfCliente1" id="FE38812C-D055-51EE-C3F6-212D8DEF1CD4">
<createdBy>denys.silva</createdBy>
<createdTime>2025-05-08 23:19:13 UTC</createdTime>
<comment><![CDATA[CPF que identificar um cliente.]]></comment>
<generatorID>65676BA7-3D95-5B21-E6A3-35EAB5997D95</generatorID>
<ownerDesignName>ClienteNormalizacao</ownerDesignName>
<useDomainConstraints>false</useDomainConstraints>
<use>1</use>
<logicalDatatype>LOGDT025</logicalDatatype>
<ownDataTypeParameters>,,</ownDataTypeParameters>
<previousColumn>false</previousColumn>
<autoIncrementCycle>false</autoIncrementCycle>
</Column>
</columns>
<indexes itemClass="oracle.dbtools.crest.model.design.relational.Index">
<ind_PK_UK id="CA2C451B-12C6-2894-613E-FE78A91F53FB" name="EmailCliente_PK">
<createdBy>denys.silva</createdBy>
<createdTime>2025-05-08 23:19:13 UTC</createdTime>
<generatorID>CBE2E4C7-B143-E9C4-B308-235E390AD5F8</generatorID>
<ownerDesignName>ClienteNormalizacao</ownerDesignName>
<pk>true</pk>
<indexState>Primary Constraint</indexState>
<isSurrogateKey>false</isSurrogateKey>
<indexColumnUsage>
<colUsage columnID="950526DB-777E-3209-31D7-91A79793CA22"/>
<colUsage columnID="A1DA70A6-C9C3-7D8D-4FAC-D7E105FF0873"/>
</indexColumnUsage>
</ind_PK_UK>
<ind_PK_UK id="65D5068E-1DD5-2631-E121-7A8B9DC457C7" name="EmailCliente_Clientes_FK">
<createdBy>denys.silva</createdBy>
<createdTime>2025-05-08 23:19:13 UTC</createdTime>
<generatorID>4CCD24A3-50F7-0AB2-EC37-AE57A2E6FB1F</generatorID>
<ownerDesignName>ClienteNormalizacao</ownerDesignName>
<indexState>Foreign Key</indexState>
<isSurrogateKey>false</isSurrogateKey>
</ind_PK_UK>
</indexes>
</Table>