<?xml version = '1.0' encoding = 'UTF-8'?>
<Table class="oracle.dbtools.crest.model.design.relational.Table" directorySegmentName="seg_0" id="FE01882A-D546-3C0B-AA22-72D98035ACE0" name="TelefonesCliente">
<createdBy>denys.silva</createdBy>
<createdTime>2025-05-08 23:19:13 UTC</createdTime>
<generatorID>895BA031-9406-2F35-9AB8-65F41CD45A51</generatorID>
<ownerDesignName>ClienteNormalizacao</ownerDesignName>
<abbreviation>TelefonesCliente</abbreviation>
<allowColumnReorder>false</allowColumnReorder>
<existDependencyGenerateInDDl>true</existDependencyGenerateInDDl>
<parsed>true</parsed>
<columns itemClass="oracle.dbtools.crest.model.design.relational.Column">
<Column name="cpfCliente" id="6C772EB1-4179-CE1E-109D-36F535D614C2">
<createdBy>denys.silva</createdBy>
<createdTime>2025-05-08 23:19:13 UTC</createdTime>
<generatorID>082BA9D5-0C73-9863-B922-50C1CC4227F6</generatorID>
<ownerDesignName>ClienteNormalizacao</ownerDesignName>
<useDomainConstraints>false</useDomainConstraints>
<use>1</use>
<logicalDatatype>LOGDT025</logicalDatatype>
<dataTypeSize>11</dataTypeSize>
<ownDataTypeParameters>11,,</ownDataTypeParameters>
<autoIncrementCycle>false</autoIncrementCycle>
</Column>
<Column name="telefoneCliente" id="FED758CB-1935-AFEB-B739-646AA4F202A5">
<createdBy>denys.silva</createdBy>
<createdTime>2025-05-08 23:19:13 UTC</createdTime>
<generatorID>3DC004FF-E386-D8BC-73E6-76CC720D43F3</generatorID>
<ownerDesignName>ClienteNormalizacao</ownerDesignName>
<useDomainConstraints>false</useDomainConstraints>
<use>1</use>
<logicalDatatype>LOGDT025</logicalDatatype>
<dataTypeSize>14</dataTypeSize>
<ownDataTypeParameters>14,,</ownDataTypeParameters>
<autoIncrementCycle>false</autoIncrementCycle>
</Column>
<Column name="tipoTelefoneCliente" id="656119A0-4136-C840-5D5B-2050A3CACBAE">
<createdBy>denys.silva</createdBy>
<createdTime>2025-05-08 23:19:13 UTC</createdTime>
<generatorID>2CF95B7A-04B5-535A-3498-453D8F7A4E27</generatorID>
<ownerDesignName>ClienteNormalizacao</ownerDesignName>
<useDomainConstraints>false</useDomainConstraints>
<use>1</use>
<logicalDatatype>LOGDT025</logicalDatatype>
<dataTypeSize>10</dataTypeSize>
<ownDataTypeParameters>10,,</ownDataTypeParameters>
<autoIncrementCycle>false</autoIncrementCycle>
</Column>
<Column name="cpfCliente1" id="3C738A0F-9B60-5EBD-2262-6883DBFCE0EB">
<createdBy>denys.silva</createdBy>
<createdTime>2025-05-08 23:19:13 UTC</createdTime>
<comment><![CDATA[CPF que identificar um cliente.]]></comment>
<generatorID>517A2646-9475-464E-E090-D3C2CB8BF61F</generatorID>
<ownerDesignName>ClienteNormalizacao</ownerDesignName>
<useDomainConstraints>false</useDomainConstraints>
<use>1</use>
<logicalDatatype>LOGDT025</logicalDatatype>
<ownDataTypeParameters>,,</ownDataTypeParameters>
<previousColumn>false</previousColumn>
<autoIncrementCycle>false</autoIncrementCycle>
</Column>
</columns>
<indexes itemClass="oracle.dbtools.crest.model.design.relational.Index">
<ind_PK_UK id="BA3CF594-00D5-90BF-9E34-213322106210" name="TelefonesCliente_PK">
<createdBy>denys.silva</createdBy>
<createdTime>2025-05-08 23:19:13 UTC</createdTime>
<generatorID>D2B399BA-928C-144B-1EDA-D8D081086BCA</generatorID>
<ownerDesignName>ClienteNormalizacao</ownerDesignName>
<pk>true</pk>
<indexState>Primary Constraint</indexState>
<isSurrogateKey>false</isSurrogateKey>
<indexColumnUsage>
<colUsage columnID="6C772EB1-4179-CE1E-109D-36F535D614C2"/>
<colUsage columnID="FED758CB-1935-AFEB-B739-646AA4F202A5"/>
</indexColumnUsage>
</ind_PK_UK>
<ind_PK_UK id="601381F5-C345-6D71-18B5-868DFC007E1D" name="TelefonesCliente_Clientes_FK">
<createdBy>denys.silva</createdBy>
<createdTime>2025-05-08 23:19:13 UTC</createdTime>
<generatorID>C7D9B0AD-3FD2-506A-3D82-A9D56AC6A6FF</generatorID>
<ownerDesignName>ClienteNormalizacao</ownerDesignName>
<indexState>Foreign Key</indexState>
<isSurrogateKey>false</isSurrogateKey>
</ind_PK_UK>
</indexes>
</Table>