<?xml version = '1.0' encoding = 'UTF-8'?>
<FKIndexAssociation class="oracle.dbtools.crest.model.design.relational.FKIndexAssociation" directorySegmentName="seg_0" id="10988ECD-D383-B40A-8240-CAFF8598B7F1" containerWithKeyObject="B4C1D768-F21F-C270-F6D1-1C2AAC5EB45D" localFKIndex="E34AEA55-C938-CDAC-3453-87F9C0422DB7" name="PessoaImc">
<createdBy>joao.kobayashi</createdBy>
<createdTime>2025-04-28 23:45:54 UTC</createdTime>
<generatorID>41A2A4BA-6888-B112-8610-25686358A2D0</generatorID>
<ownerDesignName>ProjDB-IMC</ownerDesignName>
<referredTableLongName>Pessoa</referredTableLongName>
<deleteRule>NO ACTION</deleteRule>
<referredTableID>A3C7714D-B805-D8E1-60CF-41C6ABD4BB78</referredTableID>
<keyObject>C3AA371E-0D08-2FB0-E1EC-BBEA4C4F9AFD</keyObject>
<referredKeyID>C3AA371E-0D08-2FB0-E1EC-BBEA4C4F9AFD</referredKeyID>
<mandatory>false</mandatory>
<refColNames>cpfPessoa</refColNames>
<transferable>true</transferable>
<rely>false</rely>
<columnDependencyConstraintGenerateInDDL>true</columnDependencyConstraintGenerateInDDL>
</FKIndexAssociation>