<?xml version = '1.0' encoding = 'UTF-8'?>
<Relation class="oracle.dbtools.crest.model.design.logical.Relation" name="TitularMensalidade" directorySegmentName="seg_0" id="0DDC28EE-5A4F-E004-99CB-FFD1E7E03FDA">
<createdBy>denys.silva</createdBy>
<createdTime>2025-05-22 22:56:10 UTC</createdTime>
<ownerDesignName>ProjDB-Clube</ownerDesignName>
<sourcePk>6C21FD58-9320-A2E4-E231-E43523B48A73</sourcePk>
<identifying>false</identifying>
<optionalSource>false</optionalSource>
<optionalTarget>false</optionalTarget>
<sourceCardinality>1</sourceCardinality>
<sourceEntity>63690C6C-DADE-0FF8-CF3D-12EE2C56AC02</sourceEntity>
<targetCardinalityString>*</targetCardinalityString>
<targetEntity>343A32ED-E527-183D-AAA5-1ECE28BD3667</targetEntity>
<transferable>true</transferable>
<deleteRule>NO ACTION</deleteRule>
</Relation>