<?xml version = '1.0' encoding = 'UTF-8'?>
<Relation class="oracle.dbtools.crest.model.design.logical.Relation" name="PessoaDependente" directorySegmentName="seg_0" id="E8EA83DE-2811-CA18-4D48-C638530FD0D0">
<createdBy>denys</createdBy>
<createdTime>2025-05-22 18:53:42 UTC</createdTime>
<ownerDesignName>ProjDB-Clube</ownerDesignName>
<engineerTo>
<item key="0118F415-E2EC-5F46-6CA4-8256FD27D393" value="true"/>
</engineerTo>
<sourcePk>A0DDA8E2-A2C9-C63C-D2D5-DAB0E95AAFAD</sourcePk>
<targetPk>505977DF-6C08-7B6B-AA44-FD9CEDB4FEB4</targetPk>
<identifying>false</identifying>
<optionalSource>false</optionalSource>
<optionalTarget>false</optionalTarget>
<sourceCardinality>1</sourceCardinality>
<sourceEntity>ED2F66C8-9E7D-48BB-5D37-1376BF08DC83</sourceEntity>
<targetCardinalityString>1</targetCardinalityString>
<targetEntity>4BC0F866-B99C-4829-EE09-8CA46822E920</targetEntity>
<transferable>true</transferable>
<deleteRule>NO ACTION</deleteRule>
</Relation>