<?xml version = '1.0' encoding = 'UTF-8'?>
<Relation class="oracle.dbtools.crest.model.design.logical.Relation" name="PessoaEndereco" directorySegmentName="seg_0" id="EA92CBF3-2546-DE0F-FCC4-2231D46C8705">
<createdBy>denys</createdBy>
<createdTime>2025-05-22 19:00:18 UTC</createdTime>
<ownerDesignName>ProjDB-Clube</ownerDesignName>
<engineerTo>
<item key="0118F415-E2EC-5F46-6CA4-8256FD27D393" value="true"/>
</engineerTo>
<sourcePk>A0DDA8E2-A2C9-C63C-D2D5-DAB0E95AAFAD</sourcePk>
<targetPk>6308574E-11B1-4A32-19E3-6487E0631B99</targetPk>
<identifying>false</identifying>
<optionalSource>false</optionalSource>
<optionalTarget>false</optionalTarget>
<sourceCardinality>1</sourceCardinality>
<sourceEntity>ED2F66C8-9E7D-48BB-5D37-1376BF08DC83</sourceEntity>
<targetCardinalityString>1</targetCardinalityString>
<targetEntity>4697AA7C-3944-D36E-6501-4B1E2BFDEDF6</targetEntity>
<transferable>true</transferable>
<deleteRule>NO ACTION</deleteRule>
</Relation>