<?xml version = '1.0' encoding = 'UTF-8'?>
<Relation class="oracle.dbtools.crest.model.design.logical.Relation" name="UfEndereco" directorySegmentName="seg_0" id="F437F866-F07A-B9A6-41E6-6ECF049B1CC8">
<createdBy>denys</createdBy>
<createdTime>2025-05-22 19:19:35 UTC</createdTime>
<ownerDesignName>ProjDB-Clube</ownerDesignName>
<engineerTo>
<item key="0118F415-E2EC-5F46-6CA4-8256FD27D393" value="true"/>
</engineerTo>
<sourcePk>EA56DDB1-45FD-9884-423C-CC525863BA6A</sourcePk>
<identifying>false</identifying>
<optionalSource>false</optionalSource>
<optionalTarget>false</optionalTarget>
<sourceCardinality>1</sourceCardinality>
<sourceEntity>E40161FA-C3A7-5A0A-3695-FB80129D6272</sourceEntity>
<targetCardinalityString>*</targetCardinalityString>
<targetEntity>4697AA7C-3944-D36E-6501-4B1E2BFDEDF6</targetEntity>
<transferable>true</transferable>
<deleteRule>NO ACTION</deleteRule>
</Relation>