<?xml version = '1.0' encoding = 'UTF-8'?>
<Entity class="oracle.dbtools.crest.model.design.logical.Entity" directorySegmentName="seg_0" id="B943168F-0707-35D2-EF57-233D10BFA697" name="Pessoa">
<createdBy>denys.silva</createdBy>
<createdTime>2025-04-03 21:56:24 UTC</createdTime>
<ownerDesignName>ProjDB-IMC</ownerDesignName>
<engineerTo>
<item key="067FEE0D-717C-58BF-75C6-66C7416B8F2D" value="true"/>
<item key="D5AFF457-023A-FFBA-CC8C-D737562E2B1F" value="true"/>
<item key="23A2837C-4020-0599-C74B-34590E8FB1CA" value="true"/>
</engineerTo>
<adequatelyNormalized>NO</adequatelyNormalized>
<expectedVolumes>0</expectedVolumes>
<fwdEngineeringStrategyName>Single Table</fwdEngineeringStrategyName>
<growthPercent>0</growthPercent>
<growthType>Year</growthType>
<maxVolumes>9999999</maxVolumes>
<minVolumes>0</minVolumes>
<normalForm>Third</normalForm>
<preferredAbbreviation>pes</preferredAbbreviation>
<shortName>Pessoa</shortName>
<synonym>Pessoa</synonym>
<synonymToDisplay>Pessoa</synonymToDisplay>
<attributes itemClass="oracle.dbtools.crest.model.design.logical.Attribute">
<Attribute name="cpfPessoa" id="3B5E0956-81E3-CFE0-180B-BC617DACA87D">
<createdBy>denys.silva</createdBy>
<createdTime>2025-04-03 22:04:54 UTC</createdTime>
<ownerDesignName>ProjDB-IMC</ownerDesignName>
<engineerTo>
<item key="067FEE0D-717C-58BF-75C6-66C7416B8F2D" value="true"/>
<item key="D5AFF457-023A-FFBA-CC8C-D737562E2B1F" value="true"/>
<item key="23A2837C-4020-0599-C74B-34590E8FB1CA" value="true"/>
</engineerTo>
<use>0</use>
<ownDataTypeParameters>,,</ownDataTypeParameters>
</Attribute>
<Attribute name="nomePessoa" id="147B9F53-F643-175D-EB48-F429B989B936">
<createdBy>denys.silva</createdBy>
<createdTime>2025-04-03 22:04:38 UTC</createdTime>
<ownerDesignName>ProjDB-IMC</ownerDesignName>
<engineerTo>
<item key="067FEE0D-717C-58BF-75C6-66C7416B8F2D" value="true"/>
<item key="D5AFF457-023A-FFBA-CC8C-D737562E2B1F" value="true"/>
<item key="23A2837C-4020-0599-C74B-34590E8FB1CA" value="true"/>
</engineerTo>
<use>0</use>
<ownDataTypeParameters>,,</ownDataTypeParameters>
</Attribute>
</attributes>
<identifiers itemClass="oracle.dbtools.crest.model.design.logical.CandidateKey">
<identifier id="B243AE82-68B2-E4F1-9B66-8E0E3D59E6F9" name="Pessoa PK">
<createdBy>denys.silva</createdBy>
<createdTime>2025-04-03 22:07:35 UTC</createdTime>
<ownerDesignName>ProjDB-IMC</ownerDesignName>
<engineerTo>
<item key="067FEE0D-717C-58BF-75C6-66C7416B8F2D" value="true"/>
<item key="D5AFF457-023A-FFBA-CC8C-D737562E2B1F" value="true"/>
<item key="23A2837C-4020-0599-C74B-34590E8FB1CA" value="true"/>
</engineerTo>
<pk>true</pk>
<usedAttributes>
<attributeRef>3B5E0956-81E3-CFE0-180B-BC617DACA87D</attributeRef>
</usedAttributes>
</identifier>
</identifiers>
</Entity>