<?xml version = '1.0' encoding = 'UTF-8'?>
<Relation class="oracle.dbtools.crest.model.design.logical.Relation" name="Relation_5" directorySegmentName="seg_0" id="3DC619EB-838A-A741-4426-FBB0B76E5528">
<createdBy>denys.silva</createdBy>
<createdTime>2025-05-08 23:07:32 UTC</createdTime>
<ownerDesignName>ClienteNormalizacao</ownerDesignName>
<engineerTo>
<item key="062E5CB4-9FA4-C89B-5C3E-1DE03C655426" value="true"/>
</engineerTo>
<sourcePk>DC878036-EEBE-BC65-1164-CA0CC88EF02D</sourcePk>
<identifying>false</identifying>
<optionalSource>true</optionalSource>
<optionalTarget>false</optionalTarget>
<sourceCardinality>1</sourceCardinality>
<sourceEntity>004BF3B5-B214-BF46-9910-3E98D392E9D8</sourceEntity>
<targetCardinalityString>*</targetCardinalityString>
<targetEntity>F91F0ADA-49ED-0F22-0228-F438B4691947</targetEntity>
<transferable>true</transferable>
<deleteRule>NO ACTION</deleteRule>
</Relation>