<?xml version = '1.0' encoding = 'UTF-8'?>
<Relation class="oracle.dbtools.crest.model.design.logical.Relation" name="Relation_3" directorySegmentName="seg_0" id="40C6343C-3792-0DFD-CE7C-2523EA15EDC4">
<createdBy>denys.silva</createdBy>
<createdTime>2025-05-08 22:39:26 UTC</createdTime>
<ownerDesignName>ClienteNormalizacao</ownerDesignName>
<engineerTo>
<item key="062E5CB4-9FA4-C89B-5C3E-1DE03C655426" value="true"/>
</engineerTo>
<sourcePk>DC878036-EEBE-BC65-1164-CA0CC88EF02D</sourcePk>
<targetPk>886E208C-ADF3-DC31-1F62-38ABF13CC03B</targetPk>
<identifying>false</identifying>
<optionalSource>false</optionalSource>
<optionalTarget>false</optionalTarget>
<sourceCardinality>1</sourceCardinality>
<sourceEntity>004BF3B5-B214-BF46-9910-3E98D392E9D8</sourceEntity>
<targetCardinalityString>1</targetCardinalityString>
<targetEntity>DC1C2E8F-1C90-F07F-6B67-112A0F7D4C40</targetEntity>
<transferable>true</transferable>
<deleteRule>NO ACTION</deleteRule>
</Relation>