<?xml version = '1.0' encoding = 'UTF-8'?>
<Relation class="oracle.dbtools.crest.model.design.logical.Relation" name="telefoneCliente" directorySegmentName="seg_0" id="C7D9B0AD-3FD2-506A-3D82-A9D56AC6A6FF">
<createdBy>denys.silva</createdBy>
<createdTime>2025-04-25 00:53:35 UTC</createdTime>
<ownerDesignName>ClienteNormalizacao</ownerDesignName>
<engineerTo>
<item key="062E5CB4-9FA4-C89B-5C3E-1DE03C655426" value="true"/>
</engineerTo>
<sourcePk>DC878036-EEBE-BC65-1164-CA0CC88EF02D</sourcePk>
<identifying>false</identifying>
<optionalSource>false</optionalSource>
<optionalTarget>false</optionalTarget>
<sourceCardinality>1</sourceCardinality>
<sourceEntity>004BF3B5-B214-BF46-9910-3E98D392E9D8</sourceEntity>
<targetCardinalityString>*</targetCardinalityString>
<targetEntity>895BA031-9406-2F35-9AB8-65F41CD45A51</targetEntity>
<transferable>true</transferable>
<deleteRule>NO ACTION</deleteRule>
</Relation>