<?xml version = '1.0' encoding = 'UTF-8'?>
<relationalModel class="oracle.dbtools.crest.model.design.relational.RelationalDesign" name="Relational_1" id="067FEE0D-717C-58BF-75C6-66C7416B8F2D" mainViewID="9D2E490F-35A2-A534-FED6-5F2391C18FF0">
<createdBy>denys.silva</createdBy>
<createdTime>2025-04-03 21:52:05 UTC</createdTime>
<ownerDesignName>ProjDB-IMC</ownerDesignName>
<shouldBeOpen>false</shouldBeOpen>
<selectedRDBMSSite>32076570-2523-435C-2E92-BF29817DFF70</selectedRDBMSSite>
</relationalModel>