<?xml version = '1.0' encoding = 'UTF-8'?>
<relationalModel class="oracle.dbtools.crest.model.design.relational.RelationalDesign" name="Relational_3" id="23A2837C-4020-0599-C74B-34590E8FB1CA" mainViewID="03607D02-E45A-BF8D-ADFE-6CDB64EEC899">
<createdBy>denys.silva</createdBy>
<createdTime>2025-04-03 22:12:52 UTC</createdTime>
<ownerDesignName>ProjDB-IMC</ownerDesignName>
<shouldBeOpen>false</shouldBeOpen>
<selectedRDBMSSite>32076570-2523-435C-2E92-BF29817DFF70</selectedRDBMSSite>
</relationalModel>