<?xml version = '1.0' encoding = 'UTF-8'?>
<relationalModel class="oracle.dbtools.crest.model.design.relational.RelationalDesign" name="Relational_2" id="D5AFF457-023A-FFBA-CC8C-D737562E2B1F" mainViewID="F891C8BA-1D15-EA51-11D1-75CF01725333">
<createdBy>denys.silva</createdBy>
<createdTime>2025-04-03 22:12:44 UTC</createdTime>
<ownerDesignName>ProjDB-IMC</ownerDesignName>
<shouldBeOpen>false</shouldBeOpen>
<selectedRDBMSSite>32076570-2523-435C-2E92-BF29817DFF70</selectedRDBMSSite>
</relationalModel>