<?xml version = '1.0' encoding = 'UTF-8'?>
<Entity class="oracle.dbtools.crest.model.design.logical.Entity" directorySegmentName="seg_0" id="004BF3B5-B214-BF46-9910-3E98D392E9D8" name="Clientes">
<createdBy>denys</createdBy>
<createdTime>2025-04-13 15:14:44 UTC</createdTime>
<ownerDesignName>ClienteNormalizacao</ownerDesignName>
<engineerTo>
<item key="062E5CB4-9FA4-C89B-5C3E-1DE03C655426" value="true"/>
</engineerTo>
<adequatelyNormalized>NO</adequatelyNormalized>
<expectedVolumes>0</expectedVolumes>
<fwdEngineeringStrategyName>Single Table</fwdEngineeringStrategyName>
<growthPercent>0</growthPercent>
<growthType>Year</growthType>
<maxVolumes>9999999</maxVolumes>
<minVolumes>0</minVolumes>
<normalForm>Third</normalForm>
<attributes itemClass="oracle.dbtools.crest.model.design.logical.Attribute">
<Attribute name="cpfCliente" id="F7D37484-590C-ACA8-F6B0-8D856E42C650">
<createdBy>denys</createdBy>
<createdTime>2025-04-13 15:15:01 UTC</createdTime>
<comment><![CDATA[CPF que identificar um cliente.]]></comment>
<ownerDesignName>ClienteNormalizacao</ownerDesignName>
<shouldEngineer>false</shouldEngineer>
<engineerTo>
<item key="062E5CB4-9FA4-C89B-5C3E-1DE03C655426" value="false"/>
</engineerTo>
<useDomainConstraints>false</useDomainConstraints>
<use>1</use>
<logicalDatatype>LOGDT025</logicalDatatype>
<dataTypeSize>11 CHAR</dataTypeSize>
<ownDataTypeParameters>11 CHAR,,</ownDataTypeParameters>
</Attribute>
<Attribute name="nomeCliente" id="48FE674E-76A7-7C1D-EECE-2DEE69AF935F">
<createdBy>denys</createdBy>
<createdTime>2025-04-13 15:15:33 UTC</createdTime>
<comment><![CDATA[Nome completo da pessoa.]]></comment>
<ownerDesignName>ClienteNormalizacao</ownerDesignName>
<engineerTo>
<item key="062E5CB4-9FA4-C89B-5C3E-1DE03C655426" value="true"/>
</engineerTo>
<useDomainConstraints>false</useDomainConstraints>
<use>1</use>
<logicalDatatype>LOGDT024</logicalDatatype>
<dataTypeSize>60 CHAR</dataTypeSize>
<ownDataTypeParameters>60 CHAR,,</ownDataTypeParameters>
</Attribute>
<Attribute name="cpfCliente1" id="9C68BE81-BB24-CF0B-6BBB-442F81889AA7">
<createdBy>denys.silva</createdBy>
<createdTime>2025-05-08 22:39:34 UTC</createdTime>
<comment><![CDATA[CPF que identificar um cliente.]]></comment>
<generatorID>40C6343C-3792-0DFD-CE7C-2523EA15EDC4</generatorID>
<ownerDesignName>ClienteNormalizacao</ownerDesignName>
<engineerTo>
<item key="062E5CB4-9FA4-C89B-5C3E-1DE03C655426" value="true"/>
</engineerTo>
<referedAttribute>CD61BE3F-E084-8836-6AA4-C024472E658E</referedAttribute>
<useDomainConstraints>false</useDomainConstraints>
<use>1</use>
<logicalDatatype>LOGDT025</logicalDatatype>
<dataTypeSize>11 CHAR</dataTypeSize>
<ownDataTypeParameters>,,</ownDataTypeParameters>
</Attribute>
</attributes>
<identifiers itemClass="oracle.dbtools.crest.model.design.logical.CandidateKey">
<identifier id="DC878036-EEBE-BC65-1164-CA0CC88EF02D" name="Clientes PK">
<createdBy>denys.silva</createdBy>
<createdTime>2025-04-24 23:35:45 UTC</createdTime>
<ownerDesignName>ClienteNormalizacao</ownerDesignName>
<engineerTo>
<item key="062E5CB4-9FA4-C89B-5C3E-1DE03C655426" value="true"/>
</engineerTo>
<pk>true</pk>
<usedAttributes>
<attributeRef>F7D37484-590C-ACA8-F6B0-8D856E42C650</attributeRef>
</usedAttributes>
</identifier>
</identifiers>
</Entity>