<?xml version = '1.0' encoding = 'UTF-8'?>
<Entity class="oracle.dbtools.crest.model.design.logical.Entity" directorySegmentName="seg_0" id="895BA031-9406-2F35-9AB8-65F41CD45A51" name="TelefonesCliente">
<createdBy>denys.silva</createdBy>
<createdTime>2025-04-25 00:39:48 UTC</createdTime>
<ownerDesignName>ClienteNormalizacao</ownerDesignName>
<engineerTo>
<item key="062E5CB4-9FA4-C89B-5C3E-1DE03C655426" value="true"/>
</engineerTo>
<adequatelyNormalized>NO</adequatelyNormalized>
<expectedVolumes>0</expectedVolumes>
<fwdEngineeringStrategyName>Single Table</fwdEngineeringStrategyName>
<growthPercent>0</growthPercent>
<growthType>Year</growthType>
<maxVolumes>9999999</maxVolumes>
<minVolumes>0</minVolumes>
<normalForm>Third</normalForm>
<shortName>TelefonesCliente</shortName>
<synonym>TelefonesCliente</synonym>
<attributes itemClass="oracle.dbtools.crest.model.design.logical.Attribute">
<Attribute name="cpfCliente" id="082BA9D5-0C73-9863-B922-50C1CC4227F6">
<createdBy>denys.silva</createdBy>
<createdTime>2025-04-25 00:45:01 UTC</createdTime>
<ownerDesignName>ClienteNormalizacao</ownerDesignName>
<engineerTo>
<item key="062E5CB4-9FA4-C89B-5C3E-1DE03C655426" value="true"/>
</engineerTo>
<useDomainConstraints>false</useDomainConstraints>
<use>1</use>
<logicalDatatype>LOGDT025</logicalDatatype>
<dataTypeSize>11</dataTypeSize>
<ownDataTypeParameters>11,,</ownDataTypeParameters>
</Attribute>
<Attribute name="telefoneCliente" id="3DC004FF-E386-D8BC-73E6-76CC720D43F3">
<createdBy>denys.silva</createdBy>
<createdTime>2025-04-25 00:46:03 UTC</createdTime>
<ownerDesignName>ClienteNormalizacao</ownerDesignName>
<engineerTo>
<item key="062E5CB4-9FA4-C89B-5C3E-1DE03C655426" value="true"/>
</engineerTo>
<useDomainConstraints>false</useDomainConstraints>
<use>1</use>
<logicalDatatype>LOGDT025</logicalDatatype>
<dataTypeSize>14</dataTypeSize>
<ownDataTypeParameters>14,,</ownDataTypeParameters>
</Attribute>
<Attribute name="tipoTelefoneCliente" id="2CF95B7A-04B5-535A-3498-453D8F7A4E27">
<createdBy>denys.silva</createdBy>
<createdTime>2025-04-25 00:45:31 UTC</createdTime>
<ownerDesignName>ClienteNormalizacao</ownerDesignName>
<engineerTo>
<item key="062E5CB4-9FA4-C89B-5C3E-1DE03C655426" value="true"/>
</engineerTo>
<useDomainConstraints>false</useDomainConstraints>
<use>1</use>
<logicalDatatype>LOGDT025</logicalDatatype>
<dataTypeSize>10</dataTypeSize>
<ownDataTypeParameters>10,,</ownDataTypeParameters>
</Attribute>
<Attribute name="cpfCliente1" id="517A2646-9475-464E-E090-D3C2CB8BF61F">
<createdBy>denys.silva</createdBy>
<createdTime>2025-04-25 00:53:35 UTC</createdTime>
<comment><![CDATA[CPF que identificar um cliente.]]></comment>
<generatorID>C7D9B0AD-3FD2-506A-3D82-A9D56AC6A6FF</generatorID>
<ownerDesignName>ClienteNormalizacao</ownerDesignName>
<engineerTo>
<item key="062E5CB4-9FA4-C89B-5C3E-1DE03C655426" value="true"/>
</engineerTo>
<referedAttribute>F7D37484-590C-ACA8-F6B0-8D856E42C650</referedAttribute>
<useDomainConstraints>false</useDomainConstraints>
<use>1</use>
<logicalDatatype>LOGDT025</logicalDatatype>
<dataTypeSize>11 CHAR</dataTypeSize>
<ownDataTypeParameters>,,</ownDataTypeParameters>
</Attribute>
</attributes>
<identifiers itemClass="oracle.dbtools.crest.model.design.logical.CandidateKey">
<identifier id="D2B399BA-928C-144B-1EDA-D8D081086BCA" name="TelefonesCliente PK">
<createdBy>denys.silva</createdBy>
<createdTime>2025-04-25 00:51:53 UTC</createdTime>
<ownerDesignName>ClienteNormalizacao</ownerDesignName>
<engineerTo>
<item key="062E5CB4-9FA4-C89B-5C3E-1DE03C655426" value="true"/>
</engineerTo>
<pk>true</pk>
<usedAttributes>
<attributeRef>082BA9D5-0C73-9863-B922-50C1CC4227F6</attributeRef>
<attributeRef>3DC004FF-E386-D8BC-73E6-76CC720D43F3</attributeRef>
</usedAttributes>
</identifier>
</identifiers>
</Entity>