<?xml version = '1.0' encoding = 'UTF-8'?>
<Entity class="oracle.dbtools.crest.model.design.logical.Entity" directorySegmentName="seg_0" id="B059F0B5-37C0-6104-2C0F-EA5B84FEB93B" name="ItensPedidos">
<createdBy>denys.silva</createdBy>
<createdTime>2025-05-08 22:55:56 UTC</createdTime>
<ownerDesignName>ClienteNormalizacao</ownerDesignName>
<engineerTo>
<item key="062E5CB4-9FA4-C89B-5C3E-1DE03C655426" value="true"/>
</engineerTo>
<adequatelyNormalized>NO</adequatelyNormalized>
<expectedVolumes>0</expectedVolumes>
<fwdEngineeringStrategyName>Single Table</fwdEngineeringStrategyName>
<growthPercent>0</growthPercent>
<growthType>Year</growthType>
<maxVolumes>9999999</maxVolumes>
<minVolumes>0</minVolumes>
<normalForm>Third</normalForm>
<attributes itemClass="oracle.dbtools.crest.model.design.logical.Attribute">
<Attribute name="numeroPedido" id="CF99D60B-3003-1276-E67E-A53197BD8791">
<createdBy>denys.silva</createdBy>
<createdTime>2025-05-08 22:55:56 UTC</createdTime>
<comment><![CDATA[Número do pedido da compras.]]></comment>
<ownerDesignName>ClienteNormalizacao</ownerDesignName>
<engineerTo>
<item key="062E5CB4-9FA4-C89B-5C3E-1DE03C655426" value="true"/>
</engineerTo>
<useDomainConstraints>false</useDomainConstraints>
<use>1</use>
<logicalDatatype>LOGDT027</logicalDatatype>
<ownDataTypeParameters>,,</ownDataTypeParameters>
</Attribute>
<Attribute name="codigoProduto" id="FFF1B601-6A4A-A939-F040-EE9547C8BDC8">
<createdBy>denys.silva</createdBy>
<createdTime>2025-05-08 22:55:56 UTC</createdTime>
<comment><![CDATA[Código de um item de  produto que o cliente comprou.]]></comment>
<ownerDesignName>ClienteNormalizacao</ownerDesignName>
<engineerTo>
<item key="062E5CB4-9FA4-C89B-5C3E-1DE03C655426" value="true"/>
</engineerTo>
<useDomainConstraints>false</useDomainConstraints>
<use>1</use>
<logicalDatatype>LOGDT011</logicalDatatype>
<ownDataTypeParameters>,,</ownDataTypeParameters>
</Attribute>
<Attribute name="nomeProduto" id="70E925C3-D705-DDAA-7015-C4D8EC94A67E">
<createdBy>denys.silva</createdBy>
<createdTime>2025-05-08 22:55:56 UTC</createdTime>
<comment><![CDATA[Nome de um item de  produto que o cliente comprou.]]></comment>
<ownerDesignName>ClienteNormalizacao</ownerDesignName>
<engineerTo>
<item key="062E5CB4-9FA4-C89B-5C3E-1DE03C655426" value="true"/>
</engineerTo>
<useDomainConstraints>false</useDomainConstraints>
<use>1</use>
<logicalDatatype>LOGDT024</logicalDatatype>
<dataTypeSize>120 CHAR</dataTypeSize>
<ownDataTypeParameters>120 CHAR,,</ownDataTypeParameters>
</Attribute>
<Attribute name="precoUnitarioProduto" id="295722C3-CA87-0C08-DD25-BD1021C0D74F">
<createdBy>denys.silva</createdBy>
<createdTime>2025-05-08 22:55:56 UTC</createdTime>
<comment><![CDATA[Preço unitário de um item de  produto que o cliente comprou.]]></comment>
<ownerDesignName>ClienteNormalizacao</ownerDesignName>
<engineerTo>
<item key="062E5CB4-9FA4-C89B-5C3E-1DE03C655426" value="true"/>
</engineerTo>
<useDomainConstraints>false</useDomainConstraints>
<use>1</use>
<logicalDatatype>LOGDT043</logicalDatatype>
<dataTypePrecision>2</dataTypePrecision>
<ownDataTypeParameters>,2,</ownDataTypeParameters>
</Attribute>
<Attribute name="quantidadeProduto" id="B38B4284-E25A-0F34-9B17-EB61E4F61ED5">
<createdBy>denys.silva</createdBy>
<createdTime>2025-05-08 22:55:56 UTC</createdTime>
<comment><![CDATA[Quantidade de um item de  produto que o cliente comprou.]]></comment>
<ownerDesignName>ClienteNormalizacao</ownerDesignName>
<engineerTo>
<item key="062E5CB4-9FA4-C89B-5C3E-1DE03C655426" value="true"/>
</engineerTo>
<useDomainConstraints>false</useDomainConstraints>
<use>1</use>
<logicalDatatype>LOGDT026</logicalDatatype>
<dataTypePrecision>2</dataTypePrecision>
<ownDataTypeParameters>,2,</ownDataTypeParameters>
</Attribute>
<Attribute name="numeroPedido1" id="7A2560E5-E4FD-2009-A906-B7CF50263FAB">
<createdBy>denys.silva</createdBy>
<createdTime>2025-05-08 23:00:17 UTC</createdTime>
<comment><![CDATA[Número do pedido da compras.]]></comment>
<generatorID>D245F889-B8BF-F389-BA0D-895D4C1B015A</generatorID>
<ownerDesignName>ClienteNormalizacao</ownerDesignName>
<engineerTo>
<item key="062E5CB4-9FA4-C89B-5C3E-1DE03C655426" value="true"/>
</engineerTo>
<referedAttribute>EC8C5665-8B40-9BF2-3031-AE0E34A4FD51</referedAttribute>
<useDomainConstraints>false</useDomainConstraints>
<use>1</use>
<logicalDatatype>LOGDT027</logicalDatatype>
<ownDataTypeParameters>,,</ownDataTypeParameters>
</Attribute>
</attributes>
<identifiers itemClass="oracle.dbtools.crest.model.design.logical.CandidateKey">
<identifier id="F4789333-4699-EA50-76ED-950CD4215CB4" name="Pedidos PK">
<createdBy>denys.silva</createdBy>
<createdTime>2025-05-08 22:55:56 UTC</createdTime>
<ownerDesignName>ClienteNormalizacao</ownerDesignName>
<engineerTo>
<item key="062E5CB4-9FA4-C89B-5C3E-1DE03C655426" value="true"/>
</engineerTo>
<pk>true</pk>
<usedAttributes>
<attributeRef>FFF1B601-6A4A-A939-F040-EE9547C8BDC8</attributeRef>
<attributeRef>CF99D60B-3003-1276-E67E-A53197BD8791</attributeRef>
</usedAttributes>
</identifier>
</identifiers>
</Entity>