<?xml version = '1.0' encoding = 'UTF-8'?>
<Entity class="oracle.dbtools.crest.model.design.logical.Entity" directorySegmentName="seg_0" id="F91F0ADA-49ED-0F22-0228-F438B4691947" name="Pedidos">
<createdBy>denys</createdBy>
<createdTime>2025-04-13 15:19:20 UTC</createdTime>
<ownerDesignName>ClienteNormalizacao</ownerDesignName>
<engineerTo>
<item key="062E5CB4-9FA4-C89B-5C3E-1DE03C655426" value="true"/>
</engineerTo>
<adequatelyNormalized>NO</adequatelyNormalized>
<expectedVolumes>0</expectedVolumes>
<fwdEngineeringStrategyName>Single Table</fwdEngineeringStrategyName>
<growthPercent>0</growthPercent>
<growthType>Year</growthType>
<maxVolumes>9999999</maxVolumes>
<minVolumes>0</minVolumes>
<normalForm>Third</normalForm>
<attributes itemClass="oracle.dbtools.crest.model.design.logical.Attribute">
<Attribute name="numeroPedido" id="EC8C5665-8B40-9BF2-3031-AE0E34A4FD51">
<createdBy>denys</createdBy>
<createdTime>2025-04-13 15:23:29 UTC</createdTime>
<comment><![CDATA[Número do pedido da compras.]]></comment>
<ownerDesignName>ClienteNormalizacao</ownerDesignName>
<engineerTo>
<item key="062E5CB4-9FA4-C89B-5C3E-1DE03C655426" value="true"/>
</engineerTo>
<useDomainConstraints>false</useDomainConstraints>
<use>1</use>
<logicalDatatype>LOGDT027</logicalDatatype>
<ownDataTypeParameters>,,</ownDataTypeParameters>
</Attribute>
<Attribute name="nomeClientePedido" id="D3D28C7A-D448-31DB-984E-6A4EBB056ABA">
<createdBy>denys</createdBy>
<createdTime>2025-04-13 15:19:28 UTC</createdTime>
<comment><![CDATA[Nome completo do cliente que realizou a compra.]]></comment>
<ownerDesignName>ClienteNormalizacao</ownerDesignName>
<engineerTo>
<item key="062E5CB4-9FA4-C89B-5C3E-1DE03C655426" value="true"/>
</engineerTo>
<useDomainConstraints>false</useDomainConstraints>
<use>1</use>
<logicalDatatype>LOGDT024</logicalDatatype>
<dataTypeSize>60 CHAR</dataTypeSize>
<ownDataTypeParameters>60 CHAR,,</ownDataTypeParameters>
</Attribute>
<Attribute name="dataPedido" id="A1696369-631B-6E2C-4043-5DF7895E9028">
<createdBy>denys</createdBy>
<createdTime>2025-04-13 15:23:53 UTC</createdTime>
<comment><![CDATA[Data do pedido que foi realizada a compra.]]></comment>
<ownerDesignName>ClienteNormalizacao</ownerDesignName>
<engineerTo>
<item key="062E5CB4-9FA4-C89B-5C3E-1DE03C655426" value="true"/>
</engineerTo>
<useDomainConstraints>false</useDomainConstraints>
<use>1</use>
<logicalDatatype>LOGDT007</logicalDatatype>
<ownDataTypeParameters>,,</ownDataTypeParameters>
</Attribute>
<Attribute name="horaPedido" id="293001E9-329A-2CA0-8DB7-6F47912DE1C5">
<createdBy>denys</createdBy>
<createdTime>2025-04-13 15:24:10 UTC</createdTime>
<comment><![CDATA[Horário do pedido que foi realizada a compra.]]></comment>
<ownerDesignName>ClienteNormalizacao</ownerDesignName>
<engineerTo>
<item key="062E5CB4-9FA4-C89B-5C3E-1DE03C655426" value="true"/>
</engineerTo>
<useDomainConstraints>false</useDomainConstraints>
<use>1</use>
<logicalDatatype>LOGDT014</logicalDatatype>
<ownDataTypeParameters>,,</ownDataTypeParameters>
</Attribute>
<Attribute name="cpfCliente" id="04DC1C1D-AA24-BF2E-FD84-5D1F1A23D9AC">
<createdBy>denys.silva</createdBy>
<createdTime>2025-05-08 23:07:32 UTC</createdTime>
<comment><![CDATA[CPF que identificar um cliente.]]></comment>
<generatorID>3DC619EB-838A-A741-4426-FBB0B76E5528</generatorID>
<ownerDesignName>ClienteNormalizacao</ownerDesignName>
<engineerTo>
<item key="062E5CB4-9FA4-C89B-5C3E-1DE03C655426" value="true"/>
</engineerTo>
<referedAttribute>F7D37484-590C-ACA8-F6B0-8D856E42C650</referedAttribute>
<useDomainConstraints>false</useDomainConstraints>
<use>1</use>
<logicalDatatype>LOGDT025</logicalDatatype>
<dataTypeSize>11 CHAR</dataTypeSize>
<ownDataTypeParameters>,,</ownDataTypeParameters>
</Attribute>
</attributes>
<identifiers itemClass="oracle.dbtools.crest.model.design.logical.CandidateKey">
<identifier id="CB067F4A-46ED-CDB9-B586-A7B2774DE245" name="Pedidos PK">
<createdBy>denys.silva</createdBy>
<createdTime>2025-04-24 23:39:08 UTC</createdTime>
<ownerDesignName>ClienteNormalizacao</ownerDesignName>
<engineerTo>
<item key="062E5CB4-9FA4-C89B-5C3E-1DE03C655426" value="true"/>
</engineerTo>
<pk>true</pk>
<usedAttributes>
<attributeRef>EC8C5665-8B40-9BF2-3031-AE0E34A4FD51</attributeRef>
</usedAttributes>
</identifier>
</identifiers>
</Entity>