<?xml version = '1.0' encoding = 'UTF-8'?>
<Diagram class="oracle.dbtools.crest.swingui.logical.DPVLogical" name="Logical" id="DE8E73D8-1418-D0B1-9542-BED2538D468D">
<createdBy>denys</createdBy>
<modifiedBy>denys</modifiedBy>
<createdTime>2025-04-13 15:14:28 UTC</createdTime>
<autoRoute>false</autoRoute>
<boxInbox>true</boxInbox>
<showLegend>false</showLegend>
<showLabels>false</showLabels>
<showRelAttributes>false</showRelAttributes>
<gridEnabled>false</gridEnabled>
<showGrid>false</showGrid>
<diagramColor>-1</diagramColor>
<display>false</display>
<notation>1</notation>
<objectViews>
<OView class="oracle.dbtools.crest.swingui.logical.TVEntity" oid="004BF3B5-B214-BF46-9910-3E98D392E9D8" otype="Entity" vid="0AFC1A7C-D35C-69B7-813B-F9721BC02A94">
<hideElementsInCurrentOnly>false</hideElementsInCurrentOnly>
<bounds x="264" y="21" width="182" height="85"/>
</OView>
<OView class="oracle.dbtools.crest.swingui.logical.TVEntity" oid="895BA031-9406-2F35-9AB8-65F41CD45A51" otype="Entity" vid="63E40517-6964-17B5-86EE-142099B1A8E3">
<hideElementsInCurrentOnly>false</hideElementsInCurrentOnly>
<bounds x="42" y="15" width="170" height="110"/>
</OView>
<OView class="oracle.dbtools.crest.swingui.logical.TVEntity" oid="A358D7C2-A869-EA7C-B20E-D5322DC87DDE" otype="Entity" vid="10066046-DE55-B86D-16BD-189B14720869">
<hideElementsInCurrentOnly>false</hideElementsInCurrentOnly>
<bounds x="48" y="158" width="170" height="110"/>
</OView>
<OView class="oracle.dbtools.crest.swingui.logical.TVEntity" oid="B059F0B5-37C0-6104-2C0F-EA5B84FEB93B" otype="Entity" vid="401DA80F-BACF-0E41-742C-9499C5A35979">
<hideElementsInCurrentOnly>false</hideElementsInCurrentOnly>
<bounds x="527" y="156" width="155" height="118"/>
</OView>
<OView class="oracle.dbtools.crest.swingui.logical.TVEntity" oid="DC1C2E8F-1C90-F07F-6B67-112A0F7D4C40" otype="Entity" vid="59691CE2-44A8-7B5B-88C2-494D6180E8DD">
<hideElementsInCurrentOnly>false</hideElementsInCurrentOnly>
<bounds x="253" y="166" width="182" height="121"/>
</OView>
<OView class="oracle.dbtools.crest.swingui.logical.TVEntity" oid="F91F0ADA-49ED-0F22-0228-F438B4691947" otype="Entity" vid="2190D40E-E4CE-DA13-861C-D358D8CE5691">
<hideElementsInCurrentOnly>false</hideElementsInCurrentOnly>
<bounds x="518" y="9" width="155" height="97"/>
</OView>
</objectViews>
<connectors>
<Connector class="oracle.dbtools.crest.swingui.logical.TVRelation" oid="3DC619EB-838A-A741-4426-FBB0B76E5528" otype="Relation" vid_source="0AFC1A7C-D35C-69B7-813B-F9721BC02A94" vid_target="2190D40E-E4CE-DA13-861C-D358D8CE5691">
<hideElementsInCurrentOnly>false</hideElementsInCurrentOnly>
<backgroundColor>-16777216</backgroundColor>
<lineWidth>1</lineWidth>
<points>
<point x="446" y="63"/>
<point x="518" y="63"/>
</points>
</Connector>
<Connector class="oracle.dbtools.crest.swingui.logical.TVRelation" oid="40C6343C-3792-0DFD-CE7C-2523EA15EDC4" otype="Relation" vid_source="0AFC1A7C-D35C-69B7-813B-F9721BC02A94" vid_target="59691CE2-44A8-7B5B-88C2-494D6180E8DD">
<hideElementsInCurrentOnly>false</hideElementsInCurrentOnly>
<backgroundColor>-16777216</backgroundColor>
<lineWidth>1</lineWidth>
<points>
<point x="349" y="106"/>
<point x="349" y="166"/>
</points>
</Connector>
<Connector class="oracle.dbtools.crest.swingui.logical.TVRelation" oid="4CCD24A3-50F7-0AB2-EC37-AE57A2E6FB1F" otype="Relation" vid_source="0AFC1A7C-D35C-69B7-813B-F9721BC02A94" vid_target="10066046-DE55-B86D-16BD-189B14720869">
<hideElementsInCurrentOnly>false</hideElementsInCurrentOnly>
<backgroundColor>-16777216</backgroundColor>
<lineWidth>1</lineWidth>
<points>
<point x="291" y="106"/>
<point x="214" y="158"/>
</points>
</Connector>
<Connector class="oracle.dbtools.crest.swingui.logical.TVRelation" oid="C7D9B0AD-3FD2-506A-3D82-A9D56AC6A6FF" otype="Relation" vid_source="0AFC1A7C-D35C-69B7-813B-F9721BC02A94" vid_target="63E40517-6964-17B5-86EE-142099B1A8E3">
<hideElementsInCurrentOnly>false</hideElementsInCurrentOnly>
<backgroundColor>-16777216</backgroundColor>
<lineWidth>1</lineWidth>
<points>
<point x="264" y="63"/>
<point x="212" y="63"/>
</points>
</Connector>
<Connector class="oracle.dbtools.crest.swingui.logical.TVRelation" oid="D245F889-B8BF-F389-BA0D-895D4C1B015A" otype="Relation" vid_source="2190D40E-E4CE-DA13-861C-D358D8CE5691" vid_target="401DA80F-BACF-0E41-742C-9499C5A35979">
<hideElementsInCurrentOnly>false</hideElementsInCurrentOnly>
<backgroundColor>-16777216</backgroundColor>
<lineWidth>1</lineWidth>
<points>
<point x="600" y="106"/>
<point x="600" y="156"/>
</points>
</Connector>
</connectors>
</Diagram>