<?xml version = '1.0' encoding = 'UTF-8'?>
<Entity class="oracle.dbtools.crest.model.design.logical.Entity" directorySegmentName="seg_0" id="4BC0F866-B99C-4829-EE09-8CA46822E920" name="Dependente">
<createdBy>denys</createdBy>
<createdTime>2025-05-22 17:55:32 UTC</createdTime>
<ownerDesignName>ProjDB-Clube</ownerDesignName>
<engineerTo>
<item key="0118F415-E2EC-5F46-6CA4-8256FD27D393" value="true"/>
</engineerTo>
<adequatelyNormalized>NO</adequatelyNormalized>
<expectedVolumes>0</expectedVolumes>
<fwdEngineeringStrategyName>Single Table</fwdEngineeringStrategyName>
<growthPercent>0</growthPercent>
<growthType>Year</growthType>
<maxVolumes>9999999</maxVolumes>
<minVolumes>0</minVolumes>
<normalForm>Third</normalForm>
<attributes itemClass="oracle.dbtools.crest.model.design.logical.Attribute">
<Attribute name="cpfTitular" id="8336B9D8-8783-C1E0-46DF-09382D6912E3">
<createdBy>denys</createdBy>
<createdTime>2025-05-22 18:31:23 UTC</createdTime>
<ownerDesignName>ProjDB-Clube</ownerDesignName>
<engineerTo>
<item key="0118F415-E2EC-5F46-6CA4-8256FD27D393" value="true"/>
</engineerTo>
<useDomainConstraints>false</useDomainConstraints>
<use>1</use>
<logicalDatatype>LOGDT025</logicalDatatype>
<dataTypeSize>11 CHAR</dataTypeSize>
<ownDataTypeParameters>11 CHAR,,</ownDataTypeParameters>
</Attribute>
<Attribute name="cpfDependente" id="F93B05B3-9917-6207-1B08-C0EA265CA2BB">
<createdBy>denys</createdBy>
<createdTime>2025-05-22 18:13:43 UTC</createdTime>
<ownerDesignName>ProjDB-Clube</ownerDesignName>
<engineerTo>
<item key="0118F415-E2EC-5F46-6CA4-8256FD27D393" value="true"/>
</engineerTo>
<useDomainConstraints>false</useDomainConstraints>
<use>1</use>
<logicalDatatype>LOGDT025</logicalDatatype>
<dataTypeSize>11</dataTypeSize>
<ownDataTypeParameters>11,,</ownDataTypeParameters>
</Attribute>
<Attribute name="grauParentesco" id="C9418869-A474-F027-2402-30CC946199FD">
<createdBy>denys</createdBy>
<createdTime>2025-05-22 18:14:22 UTC</createdTime>
<ownerDesignName>ProjDB-Clube</ownerDesignName>
<engineerTo>
<item key="0118F415-E2EC-5F46-6CA4-8256FD27D393" value="true"/>
</engineerTo>
<useDomainConstraints>false</useDomainConstraints>
<use>1</use>
<structuredType>47E390DE-0671-C4B1-8428-0F45CBEE18F8</structuredType>
<logicalDatatype>LOGDT018</logicalDatatype>
<reference>true</reference>
<ownDataTypeParameters>,,</ownDataTypeParameters>
</Attribute>
<Attribute name="cpfPessoa" id="250E5E27-923D-1673-44C9-5C1B5D594828">
<createdBy>denys</createdBy>
<createdTime>2025-05-22 18:53:42 UTC</createdTime>
<generatorID>E8EA83DE-2811-CA18-4D48-C638530FD0D0</generatorID>
<ownerDesignName>ProjDB-Clube</ownerDesignName>
<engineerTo>
<item key="0118F415-E2EC-5F46-6CA4-8256FD27D393" value="true"/>
</engineerTo>
<referedAttribute>236D17B2-1BF4-3F9C-ED60-5AD95889B538</referedAttribute>
<useDomainConstraints>false</useDomainConstraints>
<use>1</use>
<logicalDatatype>LOGDT025</logicalDatatype>
<dataTypeSize>11 CHAR</dataTypeSize>
<ownDataTypeParameters>,,</ownDataTypeParameters>
</Attribute>
<Attribute name="grauParentesco1" id="9DDBFD12-DCC8-B7DB-85E6-D48A088361C2">
<createdBy>denys</createdBy>
<createdTime>2025-05-22 18:59:55 UTC</createdTime>
<generatorID>306D9FEE-5938-5FAD-6746-2B2381E7FFE7</generatorID>
<ownerDesignName>ProjDB-Clube</ownerDesignName>
<engineerTo>
<item key="0118F415-E2EC-5F46-6CA4-8256FD27D393" value="true"/>
</engineerTo>
<referedAttribute>F3B80668-BFF2-B2BB-50D4-52F4FDED16D2</referedAttribute>
<useDomainConstraints>false</useDomainConstraints>
<use>1</use>
<logicalDatatype>LOGDT018</logicalDatatype>
<ownDataTypeParameters>,,</ownDataTypeParameters>
</Attribute>
</attributes>
<identifiers itemClass="oracle.dbtools.crest.model.design.logical.CandidateKey">
<identifier id="505977DF-6C08-7B6B-AA44-FD9CEDB4FEB4" name="Dependente PK">
<createdBy>denys</createdBy>
<createdTime>2025-05-22 18:28:20 UTC</createdTime>
<ownerDesignName>ProjDB-Clube</ownerDesignName>
<engineerTo>
<item key="0118F415-E2EC-5F46-6CA4-8256FD27D393" value="true"/>
</engineerTo>
<pk>true</pk>
<usedAttributes>
<attributeRef>F93B05B3-9917-6207-1B08-C0EA265CA2BB</attributeRef>
<attributeRef>8336B9D8-8783-C1E0-46DF-09382D6912E3</attributeRef>
</usedAttributes>
</identifier>
</identifiers>
</Entity>