<?xml version = '1.0' encoding = 'UTF-8'?>
<Table class="oracle.dbtools.crest.model.design.relational.Table" directorySegmentName="seg_0" id="A3C7714D-B805-D8E1-60CF-41C6ABD4BB78" name="Pessoa">
<createdBy>joao.kobayashi</createdBy>
<createdTime>2025-04-28 23:45:54 UTC</createdTime>
<generatorID>B943168F-0707-35D2-EF57-233D10BFA697</generatorID>
<ownerDesignName>ProjDB-IMC</ownerDesignName>
<abbreviation>Pessoa</abbreviation>
<allowColumnReorder>false</allowColumnReorder>
<existDependencyGenerateInDDl>true</existDependencyGenerateInDDl>
<parsed>true</parsed>
<columns itemClass="oracle.dbtools.crest.model.design.relational.Column">
<Column name="cpfPessoa" id="4E843BD7-6F23-F328-D125-17539E1B1DAA">
<createdBy>joao.kobayashi</createdBy>
<createdTime>2025-04-28 23:45:54 UTC</createdTime>
<generatorID>3B5E0956-81E3-CFE0-180B-BC617DACA87D</generatorID>
<ownerDesignName>ProjDB-IMC</ownerDesignName>
<useDomainConstraints>false</useDomainConstraints>
<use>1</use>
<logicalDatatype>LOGDT025</logicalDatatype>
<dataTypeSize>11 CHAR</dataTypeSize>
<ownDataTypeParameters>11 CHAR,,</ownDataTypeParameters>
<autoIncrementCycle>false</autoIncrementCycle>
</Column>
<Column name="nomePessoa" id="2C40F04C-D716-C605-7091-9F39893AEBF4">
<createdBy>joao.kobayashi</createdBy>
<createdTime>2025-04-28 23:45:54 UTC</createdTime>
<generatorID>147B9F53-F643-175D-EB48-F429B989B936</generatorID>
<ownerDesignName>ProjDB-IMC</ownerDesignName>
<useDomainConstraints>false</useDomainConstraints>
<use>1</use>
<logicalDatatype>LOGDT024</logicalDatatype>
<dataTypeSize>60 CHAR</dataTypeSize>
<ownDataTypeParameters>60 CHAR,,</ownDataTypeParameters>
<autoIncrementCycle>false</autoIncrementCycle>
</Column>
</columns>
<indexes itemClass="oracle.dbtools.crest.model.design.relational.Index">
<ind_PK_UK id="C3AA371E-0D08-2FB0-E1EC-BBEA4C4F9AFD" name="Pessoa_PK">
<createdBy>joao.kobayashi</createdBy>
<createdTime>2025-04-28 23:45:54 UTC</createdTime>
<generatorID>B243AE82-68B2-E4F1-9B66-8E0E3D59E6F9</generatorID>
<ownerDesignName>ProjDB-IMC</ownerDesignName>
<pk>true</pk>
<indexState>Primary Constraint</indexState>
<isSurrogateKey>false</isSurrogateKey>
<indexColumnUsage>
<colUsage columnID="4E843BD7-6F23-F328-D125-17539E1B1DAA"/>
</indexColumnUsage>
</ind_PK_UK>
</indexes>
</Table>