<?xml version = '1.0' encoding = 'UTF-8'?>
<Table class="oracle.dbtools.crest.model.design.relational.Table" directorySegmentName="seg_0" id="B4C1D768-F21F-C270-F6D1-1C2AAC5EB45D" name="HistoricoImcPessoa">
<createdBy>joao.kobayashi</createdBy>
<createdTime>2025-04-28 23:45:53 UTC</createdTime>
<generatorID>62B396B7-6D98-A2CB-8E40-1D622B0A5420</generatorID>
<ownerDesignName>ProjDB-IMC</ownerDesignName>
<abbreviation>HistoricoImcPessoa</abbreviation>
<allowColumnReorder>false</allowColumnReorder>
<existDependencyGenerateInDDl>true</existDependencyGenerateInDDl>
<parsed>true</parsed>
<columns itemClass="oracle.dbtools.crest.model.design.relational.Column">
<Column name="dataMedidaImc" id="85129EFB-D01B-426F-30A0-CA0EAFD6D2B8">
<createdBy>joao.kobayashi</createdBy>
<createdTime>2025-04-28 23:45:53 UTC</createdTime>
<generatorID>82849E8E-EDBF-62A3-5A84-DDBCD2BB221E</generatorID>
<ownerDesignName>ProjDB-IMC</ownerDesignName>
<useDomainConstraints>false</useDomainConstraints>
<use>1</use>
<logicalDatatype>LOGDT007</logicalDatatype>
<ownDataTypeParameters>,,</ownDataTypeParameters>
<autoIncrementCycle>false</autoIncrementCycle>
</Column>
<Column name="cpfPessoa" id="49E370BD-4F99-6086-59AC-24242CAC60B7">
<createdBy>joao.kobayashi</createdBy>
<createdTime>2025-04-28 23:45:53 UTC</createdTime>
<generatorID>9771DB26-F79C-268F-CCBC-E59E987BE571</generatorID>
<ownerDesignName>ProjDB-IMC</ownerDesignName>
<useDomainConstraints>false</useDomainConstraints>
<use>1</use>
<logicalDatatype>LOGDT025</logicalDatatype>
<dataTypeSize>11 CHAR</dataTypeSize>
<ownDataTypeParameters>11 CHAR,,</ownDataTypeParameters>
<autoIncrementCycle>false</autoIncrementCycle>
</Column>
<Column name="pesoPessoa" id="6942DE31-1F2A-EF3A-CA64-9329244B5136">
<createdBy>joao.kobayashi</createdBy>
<createdTime>2025-04-28 23:45:53 UTC</createdTime>
<generatorID>328337B8-59D4-0D2F-78A9-2EC83F42C2B4</generatorID>
<ownerDesignName>ProjDB-IMC</ownerDesignName>
<useDomainConstraints>false</useDomainConstraints>
<use>1</use>
<logicalDatatype>LOGDT026</logicalDatatype>
<dataTypePrecision>2</dataTypePrecision>
<ownDataTypeParameters>,2,</ownDataTypeParameters>
<autoIncrementCycle>false</autoIncrementCycle>
</Column>
<Column name="alturaPessoa" id="5626A77E-1257-ADAC-5298-96BD566EE18E">
<createdBy>joao.kobayashi</createdBy>
<createdTime>2025-04-28 23:45:53 UTC</createdTime>
<generatorID>90A48F25-5F3E-3872-908B-B1DB978B8F69</generatorID>
<ownerDesignName>ProjDB-IMC</ownerDesignName>
<useDomainConstraints>false</useDomainConstraints>
<use>1</use>
<logicalDatatype>LOGDT026</logicalDatatype>
<dataTypePrecision>2</dataTypePrecision>
<ownDataTypeParameters>,2,</ownDataTypeParameters>
<autoIncrementCycle>false</autoIncrementCycle>
</Column>
<Column name="vlrImcPessoa" id="D71B0A0F-C02C-D46F-FA36-0F9160332D7B">
<createdBy>joao.kobayashi</createdBy>
<createdTime>2025-04-28 23:45:53 UTC</createdTime>
<comment><![CDATA[vlrImcPessoa = pesoPessoa / (alturaPessoa x alturaPessoa)]]></comment>
<generatorID>A0E3ABA1-DC19-ED91-EDDB-38C55D548DDF</generatorID>
<ownerDesignName>ProjDB-IMC</ownerDesignName>
<useDomainConstraints>false</useDomainConstraints>
<use>1</use>
<logicalDatatype>LOGDT026</logicalDatatype>
<dataTypePrecision>2</dataTypePrecision>
<ownDataTypeParameters>,2,</ownDataTypeParameters>
<autoIncrementCycle>false</autoIncrementCycle>
</Column>
<Column name="analiseImcPessa" id="B7B06713-16F3-6582-56EB-4ADE35ED265A">
<createdBy>joao.kobayashi</createdBy>
<createdTime>2025-04-28 23:45:53 UTC</createdTime>
<comment><![CDATA[Registro a análise do IMC da Pessoa a partir do resultado do cálculo do IMC, conforme segue:

	IMC <18,5kg/m2: baixo peso. É recomendado procurar um médico para avaliação criteriosa do resultado. Pode indicar um estado de consumo do organismo, com poucas reservas e riscos associados.
	IMC >18,5 até 24,9kg/m2: peso adequado. Tudo indica que está tudo bem, mas é importante avaliar outros parâmetros da composição corporal, para compreender se estão dentro do recomendado. Algumas pessoas apresentam IMC dentro da normalidade, mas têm circunferência abdominal maior que a recomendada e/ou quantidade de massa gorda acima do ideal.
	IMC ≥25 até 29,9kg/m2: sobrepeso. O sobrepeso está associado ao risco de doenças como diabetes e hipertensão. Então, atenção! Consulte um médico e reveja hábitos para reverter o quadro. Também é importante avaliar outros parâmetros, como a circunferência abdominal.
	IMC de 30,0- 34,9kg/m2: obesidade grau I. É importante buscar orientação médica e nutricional para entender melhor o seu caso, mesmo que os exames (colesterol e glicemia, por exemplo) estejam normais.
	IMC de 35,0- 39,9kg/m2: obesidade grau II. Indica um quadro de obesidade mais evoluído em relação à classificação anterior e, mesmo com exames laboratoriais dentro da normalidade, não se deve atrasar a busca por orientação médica e nutricional.
	IMC ≥ 40,0kg/m2: obesidade grau III. Nesse ponto, a chance de já estarmos diante de outras doenças associadas é mais elevada. É fundamental buscar orientação médica.
]]></comment>
<generatorID>BFF129C4-5490-6E30-C54A-BEBC9EB26819</generatorID>
<ownerDesignName>ProjDB-IMC</ownerDesignName>
<useDomainConstraints>false</useDomainConstraints>
<use>1</use>
<logicalDatatype>LOGDT024</logicalDatatype>
<dataTypeSize>18 CHAR</dataTypeSize>
<ownDataTypeParameters>18 CHAR,,</ownDataTypeParameters>
<autoIncrementCycle>false</autoIncrementCycle>
</Column>
<Column name="cpfPessoa1" id="3AA1F020-DB15-B8F6-D053-CC6170DB7623">
<createdBy>joao.kobayashi</createdBy>
<createdTime>2025-04-28 23:45:53 UTC</createdTime>
<generatorID>3D6FA01A-2D99-8C34-8B7C-F9BDCFA4A59F</generatorID>
<ownerDesignName>ProjDB-IMC</ownerDesignName>
<nullsAllowed>true</nullsAllowed>
<useDomainConstraints>false</useDomainConstraints>
<use>1</use>
<logicalDatatype>LOGDT025</logicalDatatype>
<dataTypeSize>11 CHAR</dataTypeSize>
<ownDataTypeParameters>,,</ownDataTypeParameters>
<previousColumn>false</previousColumn>
<autoIncrementCycle>false</autoIncrementCycle>
<associations>
<colAssociation fkAssociation="10988ECD-D383-B40A-8240-CAFF8598B7F1" referredColumn="4E843BD7-6F23-F328-D125-17539E1B1DAA"/>
</associations>
</Column>
</columns>
<indexes itemClass="oracle.dbtools.crest.model.design.relational.Index">
<ind_PK_UK id="2819824A-018C-91C3-838E-FCBF7358404D" name="HistoricoImcPessoa_PK">
<createdBy>joao.kobayashi</createdBy>
<createdTime>2025-04-28 23:45:53 UTC</createdTime>
<generatorID>B74C6C4C-5F44-6246-30A6-247F1BA3E4F6</generatorID>
<ownerDesignName>ProjDB-IMC</ownerDesignName>
<pk>true</pk>
<indexState>Primary Constraint</indexState>
<isSurrogateKey>false</isSurrogateKey>
<indexColumnUsage>
<colUsage columnID="49E370BD-4F99-6086-59AC-24242CAC60B7"/>
<colUsage columnID="85129EFB-D01B-426F-30A0-CA0EAFD6D2B8"/>
</indexColumnUsage>
</ind_PK_UK>
<ind_PK_UK id="E34AEA55-C938-CDAC-3453-87F9C0422DB7" name="PessoaImc">
<createdBy>joao.kobayashi</createdBy>
<createdTime>2025-04-28 23:45:54 UTC</createdTime>
<generatorID>41A2A4BA-6888-B112-8610-25686358A2D0</generatorID>
<ownerDesignName>ProjDB-IMC</ownerDesignName>
<indexState>Foreign Key</indexState>
<isSurrogateKey>false</isSurrogateKey>
<indexColumnUsage>
<colUsage columnID="3AA1F020-DB15-B8F6-D053-CC6170DB7623"/>
</indexColumnUsage>
</ind_PK_UK>
</indexes>
</Table>